{"scenegraph":{"nodes":{"main":{"urls":"samples/models/venus/venus.gltf","keywords":["venus","statue"],"transform":{"scale":[0.1,0.1,0.1]}}},"edges":{".":["main"]}},"semanticgraph":{"nodes":{"sample":{"spheres":[[-0.2,2.05,0.08,0.1]]},"braccio_dx":{"convexshapes":[[-0.005018,1.786,-0.1158,-0.04932,1.844,-0.1543,-0.02575,1.911,-0.172,0.07643,1.932,-0.1415,0.1627,1.711,-0.2337,0.1659,1.644,-0.2468,0.1224,1.603,-0.2175,0.1961,1.659,-0.177,0.1949,1.625,-0.2239,0.1298,1.584,-0.1779,0.09357,1.603,-0.2051,0.1024,1.672,-0.2525,0.04947,1.898,-0.1955,0.04044,1.942,-0.1583,0.06606,1.73,-0.1065,0.0566,1.734,-0.1036]]}},"edges":{".":["sample","braccio_dx"]}}}